{"model_name": "deepforest_finetuned_0_light", "avg_iou": 0.6190283415060315, "box_recall": 0.7607658419257, "box_precision": 0.5528853246439895}