{"model_name": "deepforest_finetuned_0_aerial", "avg_iou": 0.6064012440163441, "box_recall": 0.7584703051599799, "box_precision": 0.535918199027955}