{"model_name": "deepforest_finetuned_0_heavy", "avg_iou": 0.6016394955935436, "box_recall": 0.7562530102597581, "box_precision": 0.521861814865666}