{"model_name": "deepforest_finetuned_0_custom", "avg_iou": 0.615633378691974, "box_recall": 0.7639799470332581, "box_precision": 0.5403253612066341}