{"model_name": "deepforest_finetuned_6_medium", "avg_iou": 0.6019973602036441, "box_recall": 0.7562530102597581, "box_precision": 0.5287558525004722}