{"model_name": "deepforest_finetuned_0_medium", "avg_iou": 0.6069780152889236, "box_recall": 0.7616816279878411, "box_precision": 0.49267902795171}