{"model_name": "deepforest_finetuned_0_none", "avg_iou": 0.6190686551120651, "box_recall": 0.7633332360206936, "box_precision": 0.5524789096442732}